method,synergy_Display→Paid Search_with,synergy_Display→Paid Search_without,synergy_Display→Paid Search_delta,synergy_Social→Email_with,synergy_Social→Email_without,synergy_Social→Email_delta,synergy_Organic Search→Direct_with,synergy_Organic Search→Direct_without,synergy_Organic Search→Direct_delta,mae_with,mae_without
Last Click,0.3926940639269406,0.3723958333333333,0.0202982305936072,0.2351598173515981,0.25,-0.0148401826484018,0.2990867579908676,0.3046875,-0.0056007420091324,0.0342768416441701,0.0348244914146402
Linear,0.2840066615001408,0.2670436808253057,0.0169629806748351,0.2863329126142435,0.2967391523022328,-0.0104062396879893,0.3380064957429879,0.3445165519738009,-0.0065100562308129,0.0556258869286406,0.0540685338651633
Time Decay,0.2978171851145917,0.2811513573536667,0.016665827760925,0.2800535755585744,0.2915710529766888,-0.0115174774181143,0.3309416876766368,0.3366250968370937,-0.0056834091604569,0.0447973322896295,0.0436685667960405
Position-Based,0.2896424141337517,0.2701486380840701,0.0194937760496816,0.2801241837966254,0.2920506062394849,-0.0119264224428595,0.3769845482657731,0.3846005072337793,-0.0076159589680062,0.0642075384472061,0.0636445416065836
Markov (1st),0.2923664741271078,0.2889460880990721,0.0034203860280357,0.2860141962067034,0.2887873376930998,-0.0027731414863964,0.3200507398959258,0.3207620272848052,-0.0007112873888793,0.0698671102299231,0.0718107158081791
Markov (2nd),0.2932708352639925,0.2869251736876905,0.006345661576302,0.2838839574168792,0.2891753636191818,-0.0052914062023025,0.3189732944555953,0.320245597953649,-0.0012723034980537,0.0655535774236816,0.0669373592408716
Shapley (model),0.3697180291290559,0.2943151502476082,0.0754028788814477,0.3203587690613651,0.3765386756662038,-0.0561799066048387,0.1585203096431656,0.1483269079765838,0.0101934016665818,0.0609386971167275,0.0648554768087191
Survival/Poisson,0.5025842382894159,0.438247995894369,0.06433624239504687,0.253377189931848,0.30676580077563703,-0.05338861084378904,0.19434392883905657,0.20576217259117552,-0.011418243752118945,0.04673619776482304,0.047175390703642704
