channel,rank_std,rank_mean,credit_mean,credit_std
Direct,1.4907119849998598,3.888888888888889,0.14608337167282978,0.05840321580595628
Display,1.5048939771136507,5.5,0.08954413403611085,0.05551150820997727
Email,0.9582800496696,2.7222222222222223,0.1989814598071485,0.06459224854577912
Organic Search,1.5519332240873458,2.9444444444444446,0.14807731835635624,0.09058803443787314
Paid Search,1.536324873731809,1.75,0.2585890253509049,0.1111849785120214
Referral,1.117668558444742,5.527777777777778,0.08650500428086794,0.032843740793578484
Social,1.4552137502179978,5.666666666666667,0.07221968649578188,0.05959031905276768
